UniProtKB_ac	has_activity	autosite_score	autosite_score_90
A0A096LPH7	False	39.28	39.28
A0A0G2JLG4	False	80.45	41.9
A0A0G2JLM5	False	46.18	46.18
A0A0G2JMD5	False	59.24	25.33
A0A0G2JMH6	False	52.95	52.95
A0A0G2JMP0	False	49.79	33.96
A0A0G2JN68	False	44.64	44.64
A0A0G2JNG1	False	47.16	47.16
A0A0G2JP20	False	44.0	40.59
A0A0G2JPB7	False	38.96	38.96
A0A0G2JQ47	False	40.98	40.98
A0A140G945	False	49.57	26.07
A0A1B0GTD5	False	50.68	0.0
A0A1B0GTH9	False	32.15	32.15
A0A1B0GTI8	False	63.17	63.17
A0A1B0GTL2	False	61.13	0.0
A0A1B0GUJ8	False	29.68	29.68
A0A1B0GVD1	False	70.98	19.92
A0A1B0GVZ9	False	45.15	28.96
A0A1W2PP97	False	42.7	22.2
A0A376A8Z9	False	43.67	43.67
A0A494BZU4	False	36.02	0.0
A0A5S8K742	False	39.87	39.87
A0A7I2V3D3	False	89.25	89.25
A0AVI4	True	41.6	41.6
A0PG75	False	88.14	24.89
A0PJW6	False	42.37	0.0
A0PJX8	False	44.67	36.44
A0PK11	False	36.47	31.23
A1L1A6	False	27.46	27.46
A1L4L8	False	43.19	35.95
A3QJZ7	False	40.99	39.01
A4D0T2	False	24.65	0.0
A4D161	False	50.97	50.97
A4D1U4	False	74.82	39.32
A4QMS7	False	48.36	0.0
A5D6W6	False	47.09	31.79
A5PLL7	True	69.06	69.06
A5PLN9	False	51.29	37.35
A6NC51	False	50.27	50.27
A6NC86	False	41.45	41.45
A6NC97	False	48.64	38.28
A6NCL2	False	37.09	28.27
A6NDU8	False	57.31	35.09
A6NDV4	False	62.74	38.81
A6NEN9	False	40.8	40.8
A6NFC5	False	36.03	36.03
A6NFE3	False	39.0	22.0
A6NFU0	False	50.39	49.3
A6NFY4	False	65.74	27.0
A6NG13	False	50.69	36.16
A6NGA9	False	38.7	25.03
A6NGC4	False	53.59	53.59
A6NH52	False	43.96	26.01
A6NI61	False	49.67	49.67
A6NIE6	False	37.8	30.05
A6NJJ6	False	51.32	39.91
A6NJV1	False	48.88	23.02
A6NL82	False	29.81	21.11
A6NML5	False	48.38	0.0
A6NNL5	False	53.65	53.65
A7E2U8	False	41.9	22.38
A8MTB9	False	37.9	37.9
A8MVS5	False	30.79	29.15
A8MVW5	False	48.93	32.72
A8MWK0	False	76.26	60.6
A8MWL6	False	41.47	23.97
A8MXD5	False	80.62	29.88
A8MXK1	False	43.6	43.6
A8MXV4	True	70.04	70.04
A8MYP8	False	29.9	0.0
A8MYZ0	False	63.88	44.1
B0FP48	False	39.49	28.34
B0YJ81	True	132.44	25.6
B2RUY7	False	34.22	28.95
B2RXF0	False	69.46	66.36
B3KNS4	False	29.43	26.96
B3SHH9	False	53.0	36.06
B4DZS4	False	58.3	39.86
B9A014	False	59.33	48.24
B9EJG8	False	40.0	38.6
C9J3I9	False	26.81	0.0
C9J6K1	False	42.73	36.35
E5RIL1	False	40.39	30.66
E5RQL4	False	52.42	21.45
E7ERA6	False	38.39	25.35
E9PQ18	False	62.72	25.65
F2Z333	False	53.92	43.04
H0Y354	False	49.98	33.75
H0Y7S4	False	56.48	42.65
H0YL14	False	31.48	0.0
H3BPM6	False	38.5	38.5
H3BQJ8	False	37.0	35.01
H3BS89	False	51.19	23.27
I3L3R5	False	25.86	20.28
M5A8F1	False	41.29	0.0
O00292	False	94.89	21.96
O00322	False	32.14	0.0
O00526	False	63.41	0.0
O00623	False	71.95	71.95
O14494	True	63.0	44.98
O14495	True	46.4	46.4
O14524	False	53.36	33.05
O14681	False	61.78	61.78
O14683	False	52.0	0.0
O14828	False	36.84	36.49
O14894	False	37.17	23.35
O15121	True	73.74	73.74
O15127	False	42.73	27.08
O15243	False	39.96	0.0
O15258	False	56.62	44.91
O15260	False	51.88	29.94
O15304	False	47.97	28.33
O43257	False	51.28	0.0
O43427	False	42.3	42.3
O43505	True	95.55	44.92
O43529	True	47.78	47.78
O43556	False	55.56	35.64
O43688	True	66.71	46.06
O43716	True	36.28	27.61
O43736	False	35.55	31.3
O43759	False	40.71	40.71
O43760	False	56.7	23.14
O43761	False	41.57	25.78
O43852	False	97.47	23.62
O43916	True	90.01	36.3
O60268	False	55.54	26.59
O60443	False	147.47	38.14
O60683	False	69.46	38.44
O60687	False	63.87	63.87
O60688	False	38.44	32.52
O60779	False	98.15	83.48
O60809	False	66.4	27.97
O60810	False	55.51	33.94
O60813	False	47.16	39.99
O60831	False	49.98	49.98
O60906	True	64.2	64.2
O60931	True	79.0	79.0
O75072	True	72.6	72.6
O75192	False	79.48	55.29
O75204	False	34.76	23.45
O75323	False	42.49	42.49
O75352	False	49.73	49.73
O75477	False	41.41	31.44
O75610	False	63.76	26.62
O75618	False	34.75	31.76
O75631	False	48.52	34.23
O75718	False	108.2	45.76
O75845	True	48.31	48.31
O75896	False	43.88	28.96
O75915	False	48.33	34.76
O75955	False	32.16	32.16
O76061	False	58.31	32.21
O76070	False	21.9	0.0
O94772	False	38.0	26.16
O94905	False	33.17	33.17
O95070	False	63.53	33.3
O95084	True	68.22	45.18
O95159	False	40.33	40.33
O95214	False	39.61	0.0
O95258	False	70.84	0.0
O95456	False	63.29	42.32
O95473	False	38.28	28.17
O95522	False	47.08	44.65
O95562	False	32.05	0.0
O95674	True	129.57	48.07
O95807	False	36.56	21.0
O95859	False	53.87	53.87
O95867	False	33.18	33.18
O95965	False	52.31	33.33
O95972	False	69.91	26.35
O95992	True	91.05	91.05
O96002	False	26.07	0.0
P08247	False	35.82	35.57
P08910	True	61.26	61.26
P0C7T8	False	48.45	0.0
P0C7U3	True	76.96	35.41
P0C842	False	37.78	34.11
P0CG01	False	44.53	35.57
P0CG13	False	47.97	24.7
P0CW24	False	71.35	31.37
P0DKL9	False	28.2	28.2
P0DN76	False	48.2	48.2
P0DPQ4	False	56.73	48.89
P10092	False	27.6	0.0
P15248	False	40.44	30.45
P17152	False	38.22	21.03
P21145	False	37.49	24.25
P21217	True	60.34	54.93
P23942	False	51.97	34.07
P24001	False	84.84	0.0
P24387	False	38.27	38.27
P27469	False	24.12	0.0
P28328	False	63.61	63.61
P30408	False	48.37	0.0
P35575	True	88.4	88.4
P39210	False	55.84	55.84
P43307	False	37.15	32.58
P43308	False	29.27	29.27
P45378	False	43.02	34.06
P48230	False	66.97	0.0
P48651	True	85.74	84.13
P49842	True	66.93	37.06
P50749	False	35.44	35.44
P51397	False	36.13	0.0
P51571	False	34.21	31.36
P51636	False	32.59	22.24
P51674	False	67.99	28.12
P51993	True	54.09	54.09
P52823	False	31.96	28.61
P53701	True	49.01	37.37
P55056	False	33.21	0.0
P56557	False	46.49	20.45
P56749	False	54.99	29.33
P57054	False	31.86	27.59
P57076	False	42.65	34.35
P58418	False	34.58	34.58
P59025	False	56.31	32.39
P59991	False	31.67	0.0
P61236	False	31.89	31.89
P62633	False	44.58	0.0
P78539	False	47.59	39.49
P80217	False	46.28	27.39
Q00765	False	69.92	0.0
Q00887	False	42.28	37.47
Q01362	False	45.41	22.18
Q03135	False	31.58	20.9
Q03395	False	38.3	38.3
Q04941	False	45.42	0.0
Q07325	False	30.17	30.17
Q07326	False	54.64	54.64
Q07507	False	41.95	37.07
Q0D2K0	False	67.1	67.1
Q0D2K5	False	40.64	33.58
Q0P651	False	97.57	34.08
Q0P6D2	False	46.04	46.04
Q0VAA5	False	50.9	41.32
Q0VDI3	False	54.9	49.26
Q11130	True	42.66	42.66
Q12805	False	66.17	49.17
Q12893	False	71.45	46.62
Q12982	False	83.45	83.45
Q13021	False	45.66	34.76
Q13203	False	72.27	34.84
Q13286	False	88.49	42.08
Q13287	False	71.57	28.37
Q13326	False	72.73	24.05
Q13442	False	24.84	0.0
Q13491	False	59.11	57.57
Q14254	False	38.71	24.28
Q14257	False	72.81	27.85
Q14320	False	47.64	24.22
Q14442	False	39.1	39.1
Q14642	True	42.5	42.5
Q14656	False	51.66	51.66
Q14714	False	56.33	39.14
Q15012	False	35.05	24.42
Q15035	False	73.63	73.63
Q15041	False	39.23	0.0
Q15049	False	58.41	25.24
Q15198	False	51.73	51.73
Q15293	False	73.08	32.89
Q15526	False	38.22	29.87
Q15527	False	33.24	33.24
Q15573	False	38.49	38.49
Q15629	False	77.56	77.56
Q15800	True	68.33	68.33
Q15929	False	27.52	27.52
Q16342	False	74.25	58.79
Q16533	False	81.03	27.32
Q16553	False	45.95	24.15
Q16563	False	37.87	33.69
Q16585	False	116.09	23.75
Q16635	True	85.36	34.78
Q17R55	False	46.18	37.0
Q17RY6	False	75.78	0.0
Q19AV6	False	45.74	29.39
Q1AE95	False	42.96	42.96
Q1RMZ1	True	65.82	39.22
Q1ZYL8	False	50.23	33.6
Q2QL34	False	68.94	25.82
Q2TAP0	False	34.68	32.5
Q2VPJ9	False	60.28	21.59
Q2WEN9	False	36.02	31.26
Q32NC0	False	27.8	26.43
Q32ZL2	True	70.48	70.48
Q3KNT9	False	34.44	24.55
Q3KRA6	False	32.24	30.32
Q3MHD2	False	36.14	35.68
Q3SYC2	True	71.99	71.99
Q495M3	False	58.27	48.98
Q495N2	False	64.4	49.44
Q495W5	True	79.35	44.25
Q499Z3	False	72.71	69.81
Q49AR2	False	83.53	83.53
Q4AE62	False	113.73	113.73
Q4G0M1	False	29.84	29.84
Q4G0N4	True	93.81	47.23
Q4KMZ8	False	41.53	27.77
Q4VC12	False	86.33	86.33
Q4W4Y0	False	48.69	31.34
Q52LJ0	False	34.73	31.05
Q53EU6	True	61.02	61.02
Q53F39	True	50.48	50.48
Q53FP2	False	32.35	32.35
Q53G44	False	43.73	38.3
Q53H64	False	29.13	22.94
Q53HI1	False	78.6	34.05
Q53R12	False	54.47	0.0
Q53RD9	False	50.25	39.28
Q53RY4	False	53.21	19.73
Q53S58	False	67.61	53.25
Q567V2	False	77.79	77.79
Q56P03	False	47.44	25.36
Q58A44	False	22.19	18.45
Q58HT5	True	77.83	77.83
Q5BJD5	True	53.09	53.09
Q5BJF2	False	40.88	40.88
Q5BJH7	False	40.76	30.3
Q5BKT4	True	76.07	76.07
Q5BKX5	False	55.04	37.2
Q5BN46	False	52.5	24.15
Q5BVD1	False	35.01	33.5
Q5FWF7	False	33.96	33.96
Q5GH77	False	57.73	55.92
Q5H9J9	False	45.24	36.75
Q5HYL7	False	30.93	0.0
Q5I0X4	False	23.55	0.0
Q5I7T1	True	80.41	80.41
Q5JPI3	False	61.97	29.56
Q5JSQ8	False	56.32	32.15
Q5JUQ0	False	49.61	49.61
Q5JXM2	True	58.43	33.06
Q5M7Z0	True	92.48	29.95
Q5MNV8	False	40.95	40.95
Q5QGT7	False	50.3	31.7
Q5QJ74	False	32.55	32.19
Q5SQ64	False	49.3	27.77
Q5SRR4	False	32.62	22.19
Q5SWH9	False	39.19	39.19
Q5SWL8	False	91.38	36.67
Q5SWX8	False	70.65	70.65
Q5T0D9	False	56.75	26.88
Q5T4T1	False	35.38	35.38
Q5T5A4	False	34.33	0.0
Q5T686	False	42.05	21.8
Q5T6V5	False	63.73	63.73
Q5T700	False	42.5	42.5
Q5T7M4	False	31.23	26.35
Q5T7M9	False	75.18	36.75
Q5T8I3	False	57.22	27.43
Q5TC84	False	50.6	48.33
Q5TFG8	False	37.21	27.11
Q5TYM5	False	48.92	33.73
Q5TYX0	False	52.78	30.38
Q5U3C3	False	94.66	94.66
Q5U649	False	43.82	29.5
Q5VT40	False	48.64	48.64
Q5VT98	False	63.7	31.02
Q5VTA0	False	67.95	26.2
Q5VUE5	False	33.41	24.31
Q5VVB8	False	33.45	0.0
Q5VWC8	True	68.82	68.82
Q5VWM5	False	71.08	32.54
Q5VXH5	False	81.3	39.41
Q5VXT5	False	30.09	30.09
Q5VYS4	False	44.54	34.28
Q5VZ19	False	93.89	47.32
Q5VZ72	False	36.39	36.39
Q5VZY2	True	43.1	43.1
Q5W0B7	False	56.67	26.05
Q5XKP0	False	59.63	0.0
Q641Q3	False	82.31	36.36
Q658L1	False	32.9	0.0
Q66K66	False	53.57	32.21
Q68CL5	False	53.24	20.13
Q68EN5	False	74.28	37.55
Q69YG0	False	35.17	0.0
Q6B9Z1	False	39.38	39.38
Q6BAA4	False	52.25	52.25
Q6BDI9	False	44.26	37.81
Q6E213	True	74.92	74.92
Q6EBC2	False	46.14	35.81
Q6GMV1	True	55.62	27.56
Q6ICC9	False	28.03	26.46
Q6ICG6	False	60.05	40.29
Q6ICL3	False	69.9	69.9
Q6IPU0	False	37.18	33.13
Q6L9T8	False	57.44	30.89
Q6NSW5	False	44.56	36.23
Q6NVH7	False	54.52	41.89
Q6NVV3	False	107.19	38.17
Q6NVV7	False	42.93	32.4
Q6P0A1	False	87.21	29.89
Q6P1A2	True	100.53	100.53
Q6P1K1	False	30.6	23.04
Q6P1X6	False	60.42	39.68
Q6P2H8	False	67.41	44.13
Q6P499	False	72.43	42.86
Q6P4A7	False	44.74	28.67
Q6P4F1	True	58.21	58.21
Q6P5X5	False	31.63	28.99
Q6P7N7	False	37.1	32.04
Q6PEW1	False	48.07	37.48
Q6PI78	False	37.69	27.2
Q6PIY5	False	61.02	38.19
Q6PK18	True	59.42	59.42
Q6PL45	False	52.58	38.68
Q6PP77	False	60.79	56.86
Q6Q0C1	False	64.2	23.56
Q6Q6R5	False	38.26	29.86
Q6QAJ8	False	82.72	82.72
Q6QHC5	True	76.22	76.22
Q6UQ28	False	37.33	37.33
Q6UW32	False	30.12	30.12
Q6UW56	False	36.18	32.74
Q6UW68	False	64.33	64.33
Q6UWF9	False	39.15	35.49
Q6UWH6	False	34.1	34.1
Q6UWP7	True	78.25	78.25
Q6UWQ7	False	40.42	0.0
Q6UX01	False	58.29	58.29
Q6UX40	False	43.85	22.32
Q6UX52	False	41.06	26.4
Q6UX65	False	58.04	58.04
Q6UX73	False	66.2	25.14
Q6UX82	False	39.29	34.36
Q6UX98	True	66.43	66.43
Q6UXB1	False	31.97	0.0
Q6UXH1	True	34.35	33.77
Q6UXQ4	False	37.58	0.0
Q6UXT9	False	68.89	45.22
Q6UXV4	False	26.05	26.05
Q6X784	False	45.36	31.83
Q6X9E4	False	66.28	29.62
Q6Y1H2	True	53.18	29.84
Q6ZMB5	False	92.98	25.01
Q6ZMK1	False	41.77	39.91
Q6ZN68	True	57.28	33.14
Q6ZNB7	True	105.02	105.02
Q6ZNC8	True	93.52	93.52
Q6ZNW5	True	67.76	67.76
Q6ZP80	False	39.57	30.91
Q6ZPD8	True	69.98	69.98
Q6ZRR5	False	44.48	44.48
Q6ZT21	True	49.52	37.69
Q6ZTQ3	False	38.2	29.89
Q6ZTW0	False	63.7	37.17
Q6ZUI0	False	60.15	27.88
Q6ZUK4	False	61.23	35.76
Q6ZUX7	False	58.16	25.02
Q6ZVE7	False	36.01	0.0
Q6ZVK1	False	38.03	34.75
Q6ZVS7	False	26.33	21.93
Q6ZVX9	False	78.81	51.64
Q70Z53	False	36.04	33.58
Q71RH2	True	88.06	88.06
Q71RS6	False	68.96	31.6
Q7L1S5	True	67.95	67.95
Q7LGC8	True	68.06	35.63
Q7RTP0	False	82.62	35.7
Q7RTV5	False	49.82	28.34
Q7Z418	False	42.95	42.95
Q7Z429	False	49.36	49.36
Q7Z4R8	False	48.05	28.23
Q7Z5A7	False	45.14	41.68
Q7Z5A8	False	45.19	45.19
Q7Z5A9	False	40.65	40.65
Q7Z5S9	False	64.45	50.07
Q7Z6J8	True	79.24	37.02
Q7Z6M3	False	35.66	30.25
Q7Z6Z6	True	70.66	31.15
Q7Z7H3	False	69.81	69.81
Q7Z7N9	False	44.93	31.92
Q86TG1	False	55.52	55.52
Q86UA6	False	41.65	41.65
Q86UB9	False	47.79	47.79
Q86UD1	False	40.98	40.98
Q86UL3	True	65.45	65.45
Q86UT8	False	49.86	49.86
Q86UW1	False	60.58	36.85
Q86V85	False	57.45	40.13
Q86VF5	True	83.56	83.56
Q86W33	False	60.55	34.18
Q86X19	False	34.72	26.91
Q86X60	False	53.98	25.54
Q8IUA0	False	38.14	38.14
Q8IUX1	False	35.3	35.3
Q8IV08	True	59.2	51.7
Q8IV42	True	90.01	35.47
Q8IVA1	False	20.34	0.0
Q8IVB5	False	94.64	28.54
Q8IW00	False	59.73	37.52
Q8IWR1	False	42.11	42.11
Q8IXM6	False	97.61	97.61
Q8IXX5	False	44.27	38.45
Q8IY50	False	92.2	0.0
Q8IYP9	True	57.71	57.71
Q8IZN3	True	59.6	59.6
Q8IZR5	False	46.83	23.67
Q8IZV2	False	45.2	23.92
Q8N0S6	False	57.59	35.67
Q8N129	False	52.82	52.82
Q8N2H4	False	45.15	24.74
Q8N2M4	False	52.83	52.83
Q8N2U0	False	33.21	33.21
Q8N2U9	False	47.72	38.36
Q8N386	False	40.71	40.71
Q8N3F0	False	43.07	23.83
Q8N3G9	False	34.2	34.2
Q8N3H0	False	35.89	35.89
Q8N3R3	False	52.43	52.43
Q8N3Z0	False	88.59	34.93
Q8N3Z3	False	51.78	51.78
Q8N485	False	53.17	48.96
Q8N4F7	False	50.55	31.67
Q8N4L1	False	70.7	26.71
Q8N4L2	True	39.68	0.0
Q8N511	False	40.33	0.0
Q8N594	True	72.18	30.97
Q8N5C7	True	72.93	32.66
Q8N5I3	False	54.19	28.8
Q8N5U0	False	46.75	34.65
Q8N609	False	64.85	64.85
Q8N661	True	49.63	49.63
Q8N6L1	False	55.54	30.11
Q8N6L7	False	24.71	0.0
Q8N6M3	True	43.01	38.49
Q8N6M8	False	21.96	21.44
Q8N755	False	55.4	55.4
Q8N7C4	False	45.46	23.12
Q8N7L0	False	31.06	25.82
Q8N7X8	False	33.49	0.0
Q8N806	True	55.38	55.38
Q8N815	False	64.92	64.92
Q8N8A8	False	67.64	25.95
Q8N8D7	False	42.54	0.0
Q8N8Q8	False	82.09	52.78
Q8N8Q9	False	62.34	62.34
Q8N8R5	False	97.34	34.0
Q8N8R7	False	43.08	32.58
Q8N954	False	41.01	32.13
Q8N966	True	69.41	35.09
Q8N999	False	60.41	52.56
Q8N9A8	False	30.15	26.32
Q8N9I5	True	95.75	47.62
Q8NAA5	False	55.6	28.01
Q8NB15	False	43.78	26.1
Q8NBA8	True	92.94	38.73
Q8NBD8	False	57.08	57.08
Q8NBI5	False	107.2	30.63
Q8NBL3	False	65.45	24.56
Q8NBM8	True	102.59	102.59
Q8NBT3	False	114.74	29.47
Q8NBX0	True	109.65	109.65
Q8NCG5	True	67.56	67.56
Q8NCH0	True	62.13	62.13
Q8NCR9	False	44.02	0.0
Q8NCS4	False	42.44	23.73
Q8NDX9	False	63.73	23.48
Q8NDZ4	False	64.96	64.96
Q8NDZ6	False	54.46	47.38
Q8NE00	False	97.67	45.8
Q8NE22	True	71.88	42.6
Q8NEB5	True	43.27	43.27
Q8NEG0	False	57.35	49.06
Q8NET6	True	61.48	50.57
Q8NEZ5	False	45.02	45.02
Q8NFB2	False	77.37	39.61
Q8NG50	False	70.97	37.67
Q8NHU3	True	53.3	49.26
Q8NHV5	False	32.55	0.0
Q8TA86	False	41.98	22.13
Q8TAL6	False	31.71	0.0
Q8TB03	False	65.41	43.81
Q8TB61	False	95.21	26.75
Q8TBF2	True	38.56	38.56
Q8TBF5	False	41.66	41.66
Q8TBG9	False	42.39	29.48
Q8TBJ4	False	57.5	57.5
Q8TBM7	False	31.76	31.2
Q8TBR7	False	83.27	83.27
Q8TBZ9	False	46.18	34.19
Q8TCB0	False	43.21	41.91
Q8TCD6	True	44.38	44.38
Q8TCE6	False	36.73	33.83
Q8TCI5	False	38.24	0.0
Q8TCJ0	False	70.63	34.32
Q8TCT6	True	80.36	31.61
Q8TCT9	True	71.49	45.57
Q8TD22	False	65.85	36.14
Q8TD35	False	35.26	25.87
Q8TE02	False	40.7	26.57
Q8WU67	True	58.34	58.34
Q8WUD6	True	77.79	77.79
Q8WUU5	False	61.01	51.95
Q8WUY8	True	71.82	0.0
Q8WV19	False	41.76	0.0
Q8WV93	True	91.05	35.98
Q8WVD3	True	62.72	37.55
Q8WVE7	False	30.24	0.0
Q8WVF1	False	60.7	60.7
Q8WVF2	False	43.89	0.0
Q8WW34	False	49.26	0.0
Q8WXJ9	False	49.77	37.23
Q8WXS4	False	37.65	32.19
Q8WY98	False	28.95	23.21
Q8WYQ4	False	50.64	22.55
Q92535	False	73.77	73.77
Q92546	False	59.69	49.02
Q92551	True	126.4	32.87
Q92604	True	69.58	69.58
Q92629	False	113.72	26.58
Q92685	True	77.07	77.07
Q92903	True	83.07	83.07
Q92966	False	61.26	44.25
Q969E2	False	33.9	31.56
Q969K7	False	41.06	0.0
Q969L2	False	41.42	37.14
Q969P5	False	91.27	38.48
Q969R8	False	74.38	74.38
Q969S0	False	72.99	72.99
Q969S6	False	42.2	26.45
Q969T9	False	47.94	31.81
Q969X2	True	60.98	60.98
Q96A11	True	68.5	44.44
Q96A25	False	54.22	29.84
Q96A57	False	28.69	23.67
Q96AG3	False	55.52	37.07
Q96AN5	False	62.55	36.45
Q96AQ7	True	50.87	0.0
Q96AT1	False	34.05	25.5
Q96B42	False	36.27	36.27
Q96C74	False	49.41	33.33
Q96CE8	False	62.55	0.0
Q96CG8	False	30.8	30.8
Q96CP7	False	53.43	53.43
Q96D15	False	54.34	28.84
Q96D70	False	42.49	0.0
Q96DX7	False	47.81	24.57
Q96DX8	False	43.35	43.35
Q96DZ7	False	69.75	23.91
Q96EC8	False	37.24	30.41
Q96ES6	False	76.59	76.59
Q96EU6	False	51.24	51.24
Q96EX2	False	64.89	31.6
Q96FF7	False	84.58	0.0
Q96FG2	False	49.47	38.96
Q96FM1	False	141.19	35.64
Q96FZ5	False	74.48	20.4
Q96G23	True	54.51	50.03
Q96GC9	True	53.67	23.12
Q96GM1	True	91.4	56.06
Q96GQ5	False	55.79	52.61
Q96H78	False	58.87	34.1
Q96HA9	False	55.48	55.48
Q96HD1	True	44.52	39.15
Q96HH6	False	101.89	101.89
Q96HM7	False	78.09	34.81
Q96HP8	False	65.27	0.0
Q96HR9	False	61.51	0.0
Q96HV5	False	69.7	36.25
Q96HZ4	False	45.93	24.04
Q96I82	False	39.06	34.79
Q96ID5	False	55.44	34.01
Q96IK0	False	47.08	33.18
Q96IK1	False	30.83	22.07
Q96IL0	False	46.61	31.88
Q96IV6	False	64.88	64.88
Q96IZ2	True	70.9	70.9
Q96KX1	False	35.11	19.91
Q96L03	False	41.22	24.52
Q96LD1	False	50.07	26.78
Q96LI9	False	65.34	34.08
Q96LK0	False	49.98	42.89
Q96LR4	False	45.19	45.19
Q96LT6	False	48.13	48.13
Q96MV1	False	66.11	66.11
Q96MW1	False	27.5	0.0
Q96MX0	False	33.5	21.53
Q96N03	False	52.44	24.6
Q96N11	False	85.81	35.31
Q96N66	True	101.01	101.01
Q96NB2	False	55.72	22.45
Q96NL8	False	33.81	31.01
Q96NS1	False	38.64	31.61
Q96NT3	False	68.3	32.36
Q96PC2	True	90.0	30.5
Q96PD6	True	83.49	83.49
Q96PD7	True	63.62	63.62
Q96PU9	False	28.67	0.0
Q96QA6	False	36.71	36.71
Q96QS1	False	81.0	81.0
Q96RP7	True	78.59	78.59
Q96S97	False	41.39	38.19
Q96SE0	True	51.28	51.28
Q96T53	True	76.48	76.48
Q96T91	False	26.04	26.04
Q99445	False	63.13	0.0
Q99595	False	33.84	31.45
Q99732	False	44.66	23.6
Q99871	False	37.9	33.2
Q99999	True	115.27	39.22
Q9BPU9	False	35.19	35.19
Q9BQ95	False	61.93	26.36
Q9BQA9	False	47.57	22.13
Q9BQQ7	False	49.02	32.24
Q9BR11	False	78.41	47.23
Q9BRJ6	False	28.89	28.89
Q9BRK5	False	76.42	30.82
Q9BRN9	False	44.68	44.68
Q9BRP1	False	64.48	48.06
Q9BRQ4	False	42.76	42.76
Q9BRR3	False	95.87	44.17
Q9BRX8	False	33.25	33.25
Q9BS86	False	69.06	55.96
Q9BSH3	False	43.13	26.68
Q9BSK0	False	31.83	26.02
Q9BSN7	False	59.76	0.0
Q9BSR8	False	60.66	33.07
Q9BSU1	False	44.29	42.84
Q9BT04	False	59.17	42.95
Q9BT09	False	52.81	34.27
Q9BT22	True	57.62	57.62
Q9BTD3	False	75.39	20.95
Q9BTV4	False	39.26	39.26
Q9BTV5	False	55.79	55.05
Q9BTV6	True	57.27	53.84
Q9BTX3	False	42.0	25.63
Q9BUB7	False	40.94	26.27
Q9BUR5	False	30.22	20.26
Q9BV10	True	64.95	54.16
Q9BV19	False	37.79	37.79
Q9BVG9	True	59.83	59.83
Q9BVH7	True	51.79	51.79
Q9BVM2	False	45.06	38.4
Q9BVX2	False	35.56	25.51
Q9BWM7	False	79.59	24.98
Q9BWQ6	False	47.78	34.88
Q9BX74	False	44.19	44.19
Q9BX93	False	39.25	26.96
Q9BX95	True	59.55	41.16
Q9BXI3	True	45.96	45.96
Q9BY42	False	52.08	42.73
Q9BY78	True	47.42	26.82
Q9BYD5	False	28.0	25.56
Q9BYJ0	False	52.57	36.35
Q9BYW3	False	28.12	0.0
Q9BZM1	True	57.24	32.64
Q9BZV2	False	109.07	109.07
Q9BZW4	False	67.31	67.31
Q9BZW5	False	69.77	69.77
Q9GZM5	False	43.5	27.88
Q9GZN8	False	38.36	38.36
Q9GZS1	False	75.5	29.15
Q9GZS9	True	59.6	44.85
Q9GZU0	False	52.36	38.96
Q9GZU3	False	70.78	47.33
Q9GZX3	True	64.76	48.37
Q9GZX9	False	36.75	26.21
Q9H000	True	69.65	41.08
Q9H061	False	31.48	31.48
Q9H0R1	False	56.3	35.91
Q9H0R3	False	40.63	40.63
Q9H1Q7	False	92.48	49.6
Q9H237	True	62.39	62.39
Q9H295	False	62.69	34.66
Q9H2A9	True	79.01	79.01
Q9H2C2	False	60.42	48.22
Q9H2F3	True	91.34	91.34
Q9H2L4	False	29.9	0.0
Q9H2L5	False	35.56	29.29
Q9H2W1	False	33.88	29.53
Q9H300	True	88.51	71.12
Q9H3K2	False	47.5	38.45
Q9H3Q3	True	61.26	61.26
Q9H3S5	True	72.02	55.64
Q9H3U7	False	59.94	0.0
Q9H467	False	47.15	31.64
Q9H490	False	71.11	71.11
Q9H4F8	False	71.69	0.0
Q9H4I3	False	53.53	41.04
Q9H4X1	False	38.46	0.0
Q9H579	False	76.89	31.01
Q9H6E4	False	66.56	35.36
Q9H6J7	False	61.82	30.35
Q9H6L2	False	40.91	40.91
Q9H6R6	True	88.19	48.46
Q9H6V9	True	48.85	48.85
Q9H741	False	62.55	30.17
Q9H788	False	57.83	31.92
Q9H7F4	False	82.96	36.75
Q9H7Y0	False	56.64	45.1
Q9H825	True	78.99	78.99
Q9H841	False	54.23	37.37
Q9H8M7	True	64.33	52.52
Q9H8X9	True	73.01	34.88
Q9H920	False	54.59	36.58
Q9H9B4	False	85.8	30.3
Q9HAB3	True	125.96	32.03
Q9HAS0	False	72.81	45.33
Q9HAT0	False	39.72	31.85
Q9HB07	True	49.85	49.85
Q9HBL7	False	34.81	25.61
Q9HBV1	False	51.38	35.23
Q9HBV2	False	33.75	33.16
Q9HC07	False	42.08	29.86
Q9NP50	False	38.72	29.74
Q9NPC4	True	80.95	80.95
Q9NPD7	False	35.06	0.0
Q9NPF2	True	91.72	78.77
Q9NPG8	True	45.93	45.93
Q9NPL8	False	52.02	27.41
Q9NQ30	False	56.32	27.48
Q9NQ34	False	41.87	23.03
Q9NQ40	True	120.42	31.2
Q9NQ84	False	59.14	30.51
Q9NQX7	False	48.63	26.79
Q9NR00	False	30.12	25.4
Q9NR77	False	58.84	53.17
Q9NRB3	True	60.87	41.59
Q9NRP4	False	44.73	44.73
Q9NRR1	False	27.7	27.7
Q9NRY7	False	67.49	30.91
Q9NRZ5	True	90.61	90.61
Q9NRZ7	True	90.39	90.39
Q9NS71	False	55.81	29.3
Q9NS84	True	52.02	52.02
Q9NSI2	False	27.22	0.0
Q9NUD9	True	77.13	77.13
Q9NUM4	False	35.94	31.07
Q9NUP7	True	75.26	45.27
Q9NUQ2	True	92.43	92.43
Q9NUS5	False	47.44	23.63
Q9NV12	False	50.5	30.01
Q9NV64	False	74.28	34.7
Q9NVA4	False	66.09	0.0
Q9NVV5	True	58.39	58.39
Q9NWD8	False	42.22	0.0
Q9NWF4	True	81.69	81.69
Q9NWH2	False	30.02	0.0
Q9NWS8	False	64.8	35.05
Q9NWW5	False	83.64	83.64
Q9NX00	False	34.31	34.31
Q9NX47	True	50.89	41.28
Q9NX61	False	57.3	41.84
Q9NX76	False	41.83	26.5
Q9NXH3	False	36.56	0.0
Q9NXJ0	False	37.65	0.0
Q9NY35	False	71.96	37.4
Q9NYP8	False	50.49	0.0
Q9NYP9	False	32.76	26.48
Q9NYZ1	False	63.76	23.83
Q9NZF1	False	28.35	28.35
Q9NZJ7	False	51.62	38.08
Q9NZM5	False	53.08	53.08
Q9P055	False	50.46	41.95
Q9P0K9	False	60.0	60.0
Q9P0S2	False	28.18	0.0
Q9P0T7	False	42.79	25.44
Q9UBB4	False	56.1	37.9
Q9UBM1	True	68.42	68.42
Q9UBM8	True	65.92	65.92
Q9UBP4	False	44.31	35.47
Q9UBR5	False	71.41	0.0
Q9UBS8	True	39.76	35.98
Q9UBX5	False	46.21	46.21
Q9UBY8	False	70.66	70.66
Q9UDX5	False	35.45	25.38
Q9UH92	False	40.47	29.47
Q9UHF1	False	36.23	24.04
Q9UHH9	True	81.48	56.27
Q9UHJ9	False	51.43	51.43
Q9UI14	False	30.26	30.26
Q9UIG4	False	38.63	0.0
Q9UIR0	False	46.43	46.43
Q9UJH8	False	52.65	30.52
Q9UJJ9	False	56.43	35.9
Q9UJX0	False	93.97	61.54
Q9UKR5	False	46.35	46.35
Q9UL41	False	45.05	31.87
Q9ULR5	False	27.92	0.0
Q9ULW3	False	43.72	40.87
Q9UNA3	True	76.72	76.72
Q9UNL2	False	58.39	23.31
Q9UPM9	False	47.66	24.06
Q9Y231	True	43.72	43.72
Q9Y247	False	40.56	23.63
Q9Y256	True	63.91	38.99
Q9Y287	False	52.82	31.27
Q9Y2B1	True	74.74	74.74
Q9Y2M2	False	52.41	32.23
Q9Y2R0	False	21.56	0.0
Q9Y314	True	45.93	28.97
Q9Y342	False	32.2	24.2
Q9Y3E0	False	41.37	38.92
Q9Y3S2	False	57.45	32.39
Q9Y4H4	False	29.64	0.0
Q9Y508	True	42.45	42.45
Q9Y519	False	90.47	28.19
Q9Y546	False	78.05	35.39
Q9Y548	False	43.92	31.45
Q9Y5Y5	False	69.06	32.13
Q9Y664	False	54.98	54.98
Q9Y6C9	False	47.11	42.37
Q9Y6E2	False	33.03	32.25
Q9Y6H3	True	66.36	29.82
Q9Y6I8	False	40.3	40.3
Q9Y6I9	False	43.47	43.47
Q9Y6K0	True	88.12	88.12
Q9Y6N3	False	50.83	50.83
W5XKT8	False	34.29	34.29
